"unit","site","SciName","heb_name","total.abundance","no.of.surveys.found"
"Coastal Plain Sands","Ashdod","Acanthodactylus boskianus","שנונית נחלים",1,1
"Coastal Plain Sands","Ashdod","Acanthodactylus scutellatus","שנונית חולות",145,39
"Coastal Plain Sands","Ashdod","Chalcides ocellatus","נחושית עינונית",7,7
"Coastal Plain Sands","Ashdod","Chalcides sepsoides","נחושית חולות",56,45
"Coastal Plain Sands","Ashdod","Chamaeleo chamaeleon","זיקית",1,1
"Coastal Plain Sands","Ashdod","Daboia palaestinae","צפע מצוי",14,14
"Coastal Plain Sands","Ashdod","Eryx jaculus","חנק",2,2
"Coastal Plain Sands","Ashdod","Lytorhynchus diadema","נחש חולות",12,12
"Coastal Plain Sands","Ashdod","Macroprotodon cucullatus","נחש כיפה",2,2
"Coastal Plain Sands","Ashdod","Mediodactylus orientalis","שממית עצים",3,2
"Coastal Plain Sands","Ashdod","Platyceps collaris","זעמן זיתני",1,1
"Coastal Plain Sands","Ashdod","Psammophis schokari","ארבע-קו מובהק",13,12
"Coastal Plain Sands","Ashdod","Spalerosophis diadema","מטבעון מדבר",17,16
"Coastal Plain Sands","Ashdod","Stenodactylus sthenodactylus","ישימונית מצויה",52,45
"Coastal Plain Sands","Ashdod","Testudo graeca","צב-יבשה מצוי",1,1
"Coastal Plain Sands","Ashdod","Varanus griseus","כוח אפור",3,2
"Coastal Plain Sands","Ashdod","Xerotyphlops syriacus","נחשיל מצוי",1,1
"Coastal Plain Sands","Ashkelon","Acanthodactylus boskianus","שנונית נחלים",6,4
"Coastal Plain Sands","Ashkelon","Acanthodactylus scutellatus","שנונית חולות",81,29
"Coastal Plain Sands","Ashkelon","Chalcides ocellatus","נחושית עינונית",25,23
"Coastal Plain Sands","Ashkelon","Chalcides sepsoides","נחושית חולות",49,45
"Coastal Plain Sands","Ashkelon","Chamaeleo chamaeleon","זיקית",1,1
"Coastal Plain Sands","Ashkelon","Daboia palaestinae","צפע מצוי",10,10
"Coastal Plain Sands","Ashkelon","Eryx jaculus","חנק",3,3
"Coastal Plain Sands","Ashkelon","Lytorhynchus diadema","נחש חולות",22,22
"Coastal Plain Sands","Ashkelon","Macroprotodon cucullatus","נחש כיפה",5,5
"Coastal Plain Sands","Ashkelon","Malpolon insignitus","תלום-קשקשים מצוי",1,1
"Coastal Plain Sands","Ashkelon","Mediodactylus orientalis","שממית עצים",1,1
"Coastal Plain Sands","Ashkelon","Psammophis schokari","ארבע-קו מובהק",15,13
"Coastal Plain Sands","Ashkelon","Spalerosophis diadema","מטבעון מדבר",21,20
"Coastal Plain Sands","Ashkelon","Stenodactylus sthenodactylus","ישימונית מצויה",45,44
"Coastal Plain Sands","Ashkelon","Testudo graeca","צב-יבשה מצוי",2,2
"Coastal Plain Sands","Ashkelon","Xerotyphlops syriacus","נחשיל מצוי",3,3
"Coastal Plain Sands","Caesarea","Acanthodactylus boskianus","שנונית נחלים",61,30
"Coastal Plain Sands","Caesarea","Chalcides ocellatus","נחושית עינונית",19,17
"Coastal Plain Sands","Caesarea","Chalcides sepsoides","נחושית חולות",32,31
"Coastal Plain Sands","Caesarea","Chamaeleo chamaeleon","זיקית",3,3
"Coastal Plain Sands","Caesarea","Daboia palaestinae","צפע מצוי",15,15
"Coastal Plain Sands","Caesarea","Eryx jaculus","חנק",5,5
"Coastal Plain Sands","Caesarea","Malpolon insignitus","תלום-קשקשים מצוי",1,1
"Coastal Plain Sands","Caesarea","Psammophis schokari","ארבע-קו מובהק",7,6
"Coastal Plain Sands","Caesarea","Stenodactylus sthenodactylus","ישימונית מצויה",38,35
"Coastal Plain Sands","Caesarea","Testudo graeca","צב-יבשה מצוי",3,3
"Coastal Plain Sands","Netiv Haasara","Acanthodactylus aegyptius","שנונית מצרית",5,4
"Coastal Plain Sands","Netiv Haasara","Acanthodactylus scutellatus","שנונית חולות",4,4
"Coastal Plain Sands","Netiv Haasara","Chalcides ocellatus","נחושית עינונית",3,3
"Coastal Plain Sands","Netiv Haasara","Chalcides sepsoides","נחושית חולות",7,7
"Coastal Plain Sands","Netiv Haasara","Daboia palaestinae","צפע מצוי",1,1
"Coastal Plain Sands","Netiv Haasara","Lytorhynchus diadema","נחש חולות",1,1
"Coastal Plain Sands","Netiv Haasara","Stenodactylus sthenodactylus","ישימונית מצויה",9,9
"Coastal Plain Sands","Netiv Haasara","Testudo graeca","צב-יבשה מצוי",1,1
"Coastal Plain Sands","Zikim","Acanthodactylus boskianus","שנונית נחלים",3,3
"Coastal Plain Sands","Zikim","Acanthodactylus scutellatus","שנונית חולות",86,26
"Coastal Plain Sands","Zikim","Chalcides ocellatus","נחושית עינונית",14,13
"Coastal Plain Sands","Zikim","Chalcides sepsoides","נחושית חולות",43,34
"Coastal Plain Sands","Zikim","Daboia palaestinae","צפע מצוי",7,7
"Coastal Plain Sands","Zikim","Eryx jaculus","חנק",3,3
"Coastal Plain Sands","Zikim","Laudakia vulgaris","חרדון מצוי",2,2
"Coastal Plain Sands","Zikim","Lytorhynchus diadema","נחש חולות",12,11
"Coastal Plain Sands","Zikim","Macroprotodon cucullatus","נחש כיפה",7,6
"Coastal Plain Sands","Zikim","Psammophis schokari","ארבע-קו מובהק",15,13
"Coastal Plain Sands","Zikim","Spalerosophis diadema","מטבעון מדבר",11,11
"Coastal Plain Sands","Zikim","Stenodactylus sthenodactylus","ישימונית מצויה",36,33
"Coastal Plain Sands","Zikim","Testudo graeca","צב-יבשה מצוי",4,4
"Coastal Plain Sands","Zikim","Xerotyphlops syriacus","נחשיל מצוי",3,3
"Inland Sands","Beer Milka","Acanthodactylus aegyptius","שנונית מצרית",48,17
"Inland Sands","Beer Milka","Acanthodactylus scutellatus","שנונית חולות",98,28
"Inland Sands","Beer Milka","Cerastes cerastes","עכן חרטומים",8,8
"Inland Sands","Beer Milka","Cerastes vipera","עכן קטן",16,14
"Inland Sands","Beer Milka","Chalcides ocellatus","נחושית עינונית",5,5
"Inland Sands","Beer Milka","Chalcides sepsoides","נחושית חולות",42,35
"Inland Sands","Beer Milka","Chamaeleo chamaeleon","זיקית",4,4
"Inland Sands","Beer Milka","Lytorhynchus diadema","נחש חולות",21,21
"Inland Sands","Beer Milka","Macroprotodon cucullatus","נחש כיפה",3,3
"Inland Sands","Beer Milka","Platyceps rogersi","זעמן אוכפים",1,1
"Inland Sands","Beer Milka","Psammophis schokari","ארבע-קו מובהק",2,2
"Inland Sands","Beer Milka","Scincus scincus","חומט רפואי",18,16
"Inland Sands","Beer Milka","Spalerosophis diadema","מטבעון מדבר",3,3
"Inland Sands","Beer Milka","Stenodactylus petrii","ישימונית רביבים",36,34
"Inland Sands","Beer Milka","Trapelus savignii","חרדון חולות",4,4
"Inland Sands","Beer Milka","Varanus griseus","כוח אפור",19,17
"Inland Sands","Secher","Acanthodactylus aegyptius","שנונית מצרית",4,4
"Inland Sands","Secher","Acanthodactylus scutellatus","שנונית חולות",20,13
"Inland Sands","Secher","Cerastes cerastes","עכן חרטומים",1,1
"Inland Sands","Secher","Cerastes vipera","עכן קטן",4,4
"Inland Sands","Secher","Chalcides sepsoides","נחושית חולות",23,18
"Inland Sands","Secher","Chamaeleo chamaeleon","זיקית",4,4
"Inland Sands","Secher","Lytorhynchus diadema","נחש חולות",11,11
"Inland Sands","Secher","Macroprotodon cucullatus","נחש כיפה",3,3
"Inland Sands","Secher","Psammophis schokari","ארבע-קו מובהק",4,3
"Inland Sands","Secher","Scincus scincus","חומט רפואי",11,11
"Inland Sands","Secher","Spalerosophis diadema","מטבעון מדבר",2,2
"Inland Sands","Secher","Stenodactylus petrii","ישימונית רביבים",12,11
"Inland Sands","Secher","Testudo kleinmanni","צב-יבשה מדברי",3,3
"Inland Sands","Secher","Varanus griseus","כוח אפור",6,5
"Inland Sands","Shunra East","Acanthodactylus aegyptius","שנונית מצרית",39,9
"Inland Sands","Shunra East","Acanthodactylus scutellatus","שנונית חולות",38,13
"Inland Sands","Shunra East","Cerastes cerastes","עכן חרטומים",6,6
"Inland Sands","Shunra East","Cerastes vipera","עכן קטן",7,7
"Inland Sands","Shunra East","Chalcides sepsoides","נחושית חולות",18,18
"Inland Sands","Shunra East","Chamaeleo chamaeleon","זיקית",2,2
"Inland Sands","Shunra East","Lytorhynchus diadema","נחש חולות",11,11
"Inland Sands","Shunra East","Scincus scincus","חומט רפואי",9,7
"Inland Sands","Shunra East","Spalerosophis diadema","מטבעון מדבר",5,5
"Inland Sands","Shunra East","Stenodactylus petrii","ישימונית רביבים",17,16
"Inland Sands","Shunra East","Testudo kleinmanni","צב-יבשה מדברי",1,1
"Inland Sands","Shunra East","Trapelus savignii","חרדון חולות",1,1
"Inland Sands","Shunra East","Varanus griseus","כוח אפור",4,4
"Loess Covered Areas in the Northern Negev","Eshel Hanasi","Chalcides ocellatus","נחושית עינונית",1,1
"Loess Covered Areas in the Northern Negev","Eshel Hanasi","Heremites vittatus","חומט פסים",2,2
"Loess Covered Areas in the Northern Negev","Eshel Hanasi","Laudakia vulgaris","חרדון מצוי",1,1
"Loess Covered Areas in the Northern Negev","Eshel Hanasi","Ophisops elegans","עינחש",16,5
"Loess Covered Areas in the Northern Negev","Givot Bar","Chalcides ocellatus","נחושית עינונית",1,1
"Loess Covered Areas in the Northern Negev","Givot Bar","Dolichophis jugularis","זעמן שחור",1,1
"Loess Covered Areas in the Northern Negev","Givot Bar","Hemidactylus turcicus","שממית בתים",2,2
"Loess Covered Areas in the Northern Negev","Givot Bar","Laudakia vulgaris","חרדון מצוי",1,1
"Loess Covered Areas in the Northern Negev","Givot Bar","Ophisops elegans","עינחש",26,8
"Loess Covered Areas in the Northern Negev","Givot Bar","Trapelus agnetae","חרדון מדבר",1,1
"Loess Covered Areas in the Northern Negev","Goral","Chalcides ocellatus","נחושית עינונית",2,2
"Loess Covered Areas in the Northern Negev","Goral","Eryx jaculus","חנק",1,1
"Loess Covered Areas in the Northern Negev","Goral","Hemidactylus turcicus","שממית בתים",4,2
"Loess Covered Areas in the Northern Negev","Goral","Heremites vittatus","חומט פסים",2,1
"Loess Covered Areas in the Northern Negev","Goral","Mesalina bahaeldini","מדברית עינונית",1,1
"Loess Covered Areas in the Northern Negev","Goral","Ophisops elegans","עינחש",1,1
"Loess Covered Areas in the Northern Negev","Goral","Psammophis schokari","ארבע-קו מובהק",1,1
"Loess Covered Areas in the Northern Negev","Mishmar Hanegev","Chalcides ocellatus","נחושית עינונית",6,6
"Loess Covered Areas in the Northern Negev","Mishmar Hanegev","Chamaeleo chamaeleon","זיקית",5,4
"Loess Covered Areas in the Northern Negev","Mishmar Hanegev","Dolichophis jugularis","זעמן שחור",1,1
"Loess Covered Areas in the Northern Negev","Mishmar Hanegev","Eirenis coronelloides","שלוון אזורים",1,1
"Loess Covered Areas in the Northern Negev","Mishmar Hanegev","Eirenis rothii","שלוון טלוא-ראש",1,1
"Loess Covered Areas in the Northern Negev","Mishmar Hanegev","Eumeces schneiderii","חומט מנומר",2,2
"Loess Covered Areas in the Northern Negev","Mishmar Hanegev","Hemidactylus turcicus","שממית בתים",1,1
"Loess Covered Areas in the Northern Negev","Mishmar Hanegev","Heremites vittatus","חומט פסים",7,6
"Loess Covered Areas in the Northern Negev","Mishmar Hanegev","Laudakia vulgaris","חרדון מצוי",10,6
"Loess Covered Areas in the Northern Negev","Mishmar Hanegev","Mesalina bahaeldini","מדברית עינונית",1,1
"Loess Covered Areas in the Northern Negev","Mishmar Hanegev","Ophisops elegans","עינחש",20,6
"Loess Covered Areas in the Northern Negev","Nahal Ashan","Chalcides ocellatus","נחושית עינונית",33,17
"Loess Covered Areas in the Northern Negev","Nahal Ashan","Chamaeleo chamaeleon","זיקית",6,6
"Loess Covered Areas in the Northern Negev","Nahal Ashan","Eumeces schneiderii","חומט מנומר",1,1
"Loess Covered Areas in the Northern Negev","Nahal Ashan","Hemidactylus turcicus","שממית בתים",5,2
"Loess Covered Areas in the Northern Negev","Nahal Ashan","Laudakia vulgaris","חרדון מצוי",2,2
"Loess Covered Areas in the Northern Negev","Nahal Ashan","Malpolon insignitus","תלום-קשקשים מצוי",2,2
"Loess Covered Areas in the Northern Negev","Nahal Ashan","Mesalina bahaeldini","מדברית עינונית",7,5
"Loess Covered Areas in the Northern Negev","Nahal Ashan","Ophisops elegans","עינחש",5,4
"Loess Covered Areas in the Northern Negev","Nahal Ashan","Platyceps rogersi","זעמן אוכפים",1,1
"Loess Covered Areas in the Northern Negev","Nahal Ashan","Psammophis schokari","ארבע-קו מובהק",1,1
"Loess Covered Areas in the Northern Negev","Nahal Ashan","Ptyodactylus guttatus","מניפנית מצויה",5,4
"Loess Covered Areas in the Northern Negev","Nahal Ashan","Stenodactylus sthenodactylus","ישימונית מצויה",1,1
"Loess Covered Areas in the Northern Negev","Park Loess","Acanthodactylus beershebensis","שנונית באר-שבע",36,10
"Loess Covered Areas in the Northern Negev","Park Loess","Acanthodactylus boskianus","שנונית נחלים",4,1
"Loess Covered Areas in the Northern Negev","Park Loess","Chalcides ocellatus","נחושית עינונית",2,2
"Loess Covered Areas in the Northern Negev","Park Loess","Chalcides sepsoides","נחושית חולות",1,1
"Loess Covered Areas in the Northern Negev","Park Loess","Heremites vittatus","חומט פסים",1,1
"Loess Covered Areas in the Northern Negev","Park Loess","Malpolon insignitus","תלום-קשקשים מצוי",1,1
"Loess Covered Areas in the Northern Negev","Park Loess","Mesalina bahaeldini","מדברית עינונית",4,2
"Loess Covered Areas in the Northern Negev","Park Loess","Mesalina olivieri","מדברית פסים",1,1
"Loess Covered Areas in the Northern Negev","Park Loess","Psammophis schokari","ארבע-קו מובהק",1,1
"Loess Covered Areas in the Northern Negev","Park Loess","Stenodactylus sthenodactylus","ישימונית מצויה",1,1
"Loess Covered Areas in the Northern Negev","Park Loess","Trapelus agnetae","חרדון מדבר",1,1
"Loess Covered Areas in the Northern Negev","Park Loess","Varanus griseus","כוח אפור",2,2
"Loess Covered Areas in the Northern Negev","Sayeret Shaked","Chalcides ocellatus","נחושית עינונית",9,9
"Loess Covered Areas in the Northern Negev","Sayeret Shaked","Hemidactylus turcicus","שממית בתים",3,3
"Loess Covered Areas in the Northern Negev","Sayeret Shaked","Heremites vittatus","חומט פסים",24,11
"Loess Covered Areas in the Northern Negev","Sayeret Shaked","Malpolon insignitus","תלום-קשקשים מצוי",1,1
"Loess Covered Areas in the Northern Negev","Sayeret Shaked","Mesalina bahaeldini","מדברית עינונית",3,3
"Mediterranean-Desert Transition Zone","Beit Yatir","Ablepharus rueppellii","חומט גמד",2,2
"Mediterranean-Desert Transition Zone","Beit Yatir","Chalcides guentheri","נחושית נחשונית",2,2
"Mediterranean-Desert Transition Zone","Beit Yatir","Chalcides ocellatus","נחושית עינונית",6,6
"Mediterranean-Desert Transition Zone","Beit Yatir","Chamaeleo chamaeleon","זיקית",1,1
"Mediterranean-Desert Transition Zone","Beit Yatir","Dolichophis jugularis","זעמן שחור",1,1
"Mediterranean-Desert Transition Zone","Beit Yatir","Eirenis decemlineatus","שלוון קוים",1,1
"Mediterranean-Desert Transition Zone","Beit Yatir","Eirenis rothii","שלוון טלוא-ראש",1,1
"Mediterranean-Desert Transition Zone","Beit Yatir","Eryx jaculus","חנק",1,1
"Mediterranean-Desert Transition Zone","Beit Yatir","Eumeces schneiderii","חומט מנומר",10,8
"Mediterranean-Desert Transition Zone","Beit Yatir","Hemidactylus turcicus","שממית בתים",2,2
"Mediterranean-Desert Transition Zone","Beit Yatir","Heremites vittatus","חומט פסים",11,11
"Mediterranean-Desert Transition Zone","Beit Yatir","Laudakia vulgaris","חרדון מצוי",17,11
"Mediterranean-Desert Transition Zone","Beit Yatir","Myriopholis macrorhyncha","נימון דק",1,1
"Mediterranean-Desert Transition Zone","Beit Yatir","Ophisops elegans","עינחש",26,14
"Mediterranean-Desert Transition Zone","Beit Yatir","Psammophis schokari","ארבע-קו מובהק",2,2
"Mediterranean-Desert Transition Zone","Beit Yatir","Ptyodactylus guttatus","מניפנית מצויה",12,7
"Mediterranean-Desert Transition Zone","Beit Yatir","Rhynchocalamus melanocephalus","שחור ראש",1,1
"Mediterranean-Desert Transition Zone","Beit Yatir","Telescopus fallax","עין-חתול חברבר",1,1
"Mediterranean-Desert Transition Zone","Beit Yatir","Testudo graeca","צב-יבשה מצוי",5,3
"Mediterranean-Desert Transition Zone","Beit Yatir","Xerotyphlops syriacus","נחשיל מצוי",2,2
"Mediterranean-Desert Transition Zone","Har Amasa","Ablepharus rueppellii","חומט גמד",3,3
"Mediterranean-Desert Transition Zone","Har Amasa","Chalcides ocellatus","נחושית עינונית",4,4
"Mediterranean-Desert Transition Zone","Har Amasa","Eirenis rothii","שלוון טלוא-ראש",2,1
"Mediterranean-Desert Transition Zone","Har Amasa","Eumeces schneiderii","חומט מנומר",8,6
"Mediterranean-Desert Transition Zone","Har Amasa","Hemidactylus turcicus","שממית בתים",3,3
"Mediterranean-Desert Transition Zone","Har Amasa","Hemorrhois nummifer","זעמן מטבעות",2,2
"Mediterranean-Desert Transition Zone","Har Amasa","Heremites vittatus","חומט פסים",12,9
"Mediterranean-Desert Transition Zone","Har Amasa","Laudakia vulgaris","חרדון מצוי",10,7
"Mediterranean-Desert Transition Zone","Har Amasa","Myriopholis macrorhyncha","נימון דק",1,1
"Mediterranean-Desert Transition Zone","Har Amasa","Ophisops elegans","עינחש",12,9
"Mediterranean-Desert Transition Zone","Har Amasa","Platyceps collaris","זעמן זיתני",2,2
"Mediterranean-Desert Transition Zone","Har Amasa","Psammophis schokari","ארבע-קו מובהק",1,1
"Mediterranean-Desert Transition Zone","Har Amasa","Ptyodactylus guttatus","מניפנית מצויה",27,8
"Mediterranean-Desert Transition Zone","Har Amasa","Testudo graeca","צב-יבשה מצוי",1,1
"Mediterranean-Desert Transition Zone","Har Amasa","Xerotyphlops syriacus","נחשיל מצוי",1,1
"Mediterranean-Desert Transition Zone","Lahav","Ablepharus rueppellii","חומט גמד",4,4
"Mediterranean-Desert Transition Zone","Lahav","Chalcides guentheri","נחושית נחשונית",14,8
"Mediterranean-Desert Transition Zone","Lahav","Chalcides ocellatus","נחושית עינונית",6,6
"Mediterranean-Desert Transition Zone","Lahav","Dolichophis jugularis","זעמן שחור",3,2
"Mediterranean-Desert Transition Zone","Lahav","Eumeces schneiderii","חומט מנומר",2,2
"Mediterranean-Desert Transition Zone","Lahav","Hemidactylus turcicus","שממית בתים",3,3
"Mediterranean-Desert Transition Zone","Lahav","Heremites vittatus","חומט פסים",13,10
"Mediterranean-Desert Transition Zone","Lahav","Laudakia vulgaris","חרדון מצוי",2,2
"Mediterranean-Desert Transition Zone","Lahav","Letheobia simoni","נחשיל חד-ראש",8,7
"Mediterranean-Desert Transition Zone","Lahav","Ophiomorus latastii","חומט נקוד",4,3
"Mediterranean-Desert Transition Zone","Lahav","Ophisops elegans","עינחש",1,1
"Mediterranean-Desert Transition Zone","Lahav","Platyceps collaris","זעמן זיתני",2,2
"Mediterranean-Desert Transition Zone","Lahav","Ptyodactylus guttatus","מניפנית מצויה",2,2
"Mediterranean-Desert Transition Zone","Lahav","Stenodactylus sthenodactylus","ישימונית מצויה",2,1
"Mediterranean-Desert Transition Zone","Lahav","Testudo graeca","צב-יבשה מצוי",4,3
"Mediterranean-Desert Transition Zone","Lehavim","Chalcides guentheri","נחושית נחשונית",1,1
"Mediterranean-Desert Transition Zone","Lehavim","Chalcides ocellatus","נחושית עינונית",5,5
"Mediterranean-Desert Transition Zone","Lehavim","Eumeces schneiderii","חומט מנומר",5,4
"Mediterranean-Desert Transition Zone","Lehavim","Hemidactylus turcicus","שממית בתים",2,2
"Mediterranean-Desert Transition Zone","Lehavim","Heremites vittatus","חומט פסים",8,7
"Mediterranean-Desert Transition Zone","Lehavim","Laudakia vulgaris","חרדון מצוי",4,4
"Mediterranean-Desert Transition Zone","Lehavim","Ophisops elegans","עינחש",11,9
"Mediterranean-Desert Transition Zone","Lehavim","Ptyodactylus guttatus","מניפנית מצויה",2,2
"Mediterranean-Desert Transition Zone","Lehavim","Stenodactylus sthenodactylus","ישימונית מצויה",2,2
"Mediterranean-Desert Transition Zone","Lehavim","Testudo graeca","צב-יבשה מצוי",2,2
"Mediterranean-Desert Transition Zone","Mirsham","Ablepharus rueppellii","חומט גמד",1,1
"Mediterranean-Desert Transition Zone","Mirsham","Chalcides guentheri","נחושית נחשונית",11,8
"Mediterranean-Desert Transition Zone","Mirsham","Chalcides ocellatus","נחושית עינונית",23,13
"Mediterranean-Desert Transition Zone","Mirsham","Chamaeleo chamaeleon","זיקית",1,1
"Mediterranean-Desert Transition Zone","Mirsham","Dolichophis jugularis","זעמן שחור",1,1
"Mediterranean-Desert Transition Zone","Mirsham","Eirenis rothii","שלוון טלוא-ראש",1,1
"Mediterranean-Desert Transition Zone","Mirsham","Eryx jaculus","חנק",2,2
"Mediterranean-Desert Transition Zone","Mirsham","Eumeces schneiderii","חומט מנומר",2,2
"Mediterranean-Desert Transition Zone","Mirsham","Hemidactylus turcicus","שממית בתים",4,4
"Mediterranean-Desert Transition Zone","Mirsham","Heremites vittatus","חומט פסים",32,15
"Mediterranean-Desert Transition Zone","Mirsham","Laudakia vulgaris","חרדון מצוי",3,3
"Mediterranean-Desert Transition Zone","Mirsham","Malpolon insignitus","תלום-קשקשים מצוי",2,2
"Mediterranean-Desert Transition Zone","Mirsham","Micrelaps muelleri","מחרוזן דוגוני",2,2
"Mediterranean-Desert Transition Zone","Mirsham","Ophisops elegans","עינחש",4,4
"Mediterranean-Desert Transition Zone","Mirsham","Platyceps collaris","זעמן זיתני",2,2
"Mediterranean-Desert Transition Zone","Mirsham","Ptyodactylus guttatus","מניפנית מצויה",10,8
"Mediterranean-Desert Transition Zone","Mirsham","Testudo graeca","צב-יבשה מצוי",2,2
"Planted Conifer Forests","Aderet","Ablepharus rueppellii","חומט גמד",3,2
"Planted Conifer Forests","Aderet","Chalcides ocellatus","נחושית עינונית",1,1
"Planted Conifer Forests","Aderet","Chamaeleo chamaeleon","זיקית",1,1
"Planted Conifer Forests","Aderet","Eirenis rothii","שלוון טלוא-ראש",1,1
"Planted Conifer Forests","Aderet","Hemidactylus turcicus","שממית בתים",4,4
"Planted Conifer Forests","Aderet","Hemorrhois nummifer","זעמן מטבעות",1,1
"Planted Conifer Forests","Aderet","Heremites vittatus","חומט פסים",2,1
"Planted Conifer Forests","Aderet","Laudakia vulgaris","חרדון מצוי",5,4
"Planted Conifer Forests","Aderet","Mediodactylus orientalis","שממית עצים",5,5
"Planted Conifer Forests","Aderet","Ophisops elegans","עינחש",1,1
"Planted Conifer Forests","Aderet","Phoenicolacerta laevis","לטאה זריזה",2,2
"Planted Conifer Forests","Aderet","Ptyodactylus guttatus","מניפנית מצויה",1,1
"Planted Conifer Forests","Amatzia","Ablepharus rueppellii","חומט גמד",37,7
"Planted Conifer Forests","Amatzia","Chalcides guentheri","נחושית נחשונית",2,2
"Planted Conifer Forests","Amatzia","Chalcides ocellatus","נחושית עינונית",6,4
"Planted Conifer Forests","Amatzia","Eumeces schneiderii","חומט מנומר",1,1
"Planted Conifer Forests","Amatzia","Hemidactylus turcicus","שממית בתים",4,4
"Planted Conifer Forests","Amatzia","Hemorrhois nummifer","זעמן מטבעות",1,1
"Planted Conifer Forests","Amatzia","Heremites vittatus","חומט פסים",13,6
"Planted Conifer Forests","Amatzia","Mediodactylus orientalis","שממית עצים",6,4
"Planted Conifer Forests","Amatzia","Ophisops elegans","עינחש",6,6
"Planted Conifer Forests","Amatzia","Testudo graeca","צב-יבשה מצוי",3,2
"Planted Conifer Forests","Bat Shlomo","Ablepharus rueppellii","חומט גמד",29,8
"Planted Conifer Forests","Bat Shlomo","Chalcides guentheri","נחושית נחשונית",1,1
"Planted Conifer Forests","Bat Shlomo","Chamaeleo chamaeleon","זיקית",1,1
"Planted Conifer Forests","Bat Shlomo","Hemidactylus turcicus","שממית בתים",4,4
"Planted Conifer Forests","Bat Shlomo","Laudakia vulgaris","חרדון מצוי",1,1
"Planted Conifer Forests","Bat Shlomo","Mediodactylus orientalis","שממית עצים",8,7
"Planted Conifer Forests","Bat Shlomo","Phoenicolacerta laevis","לטאה זריזה",6,5
"Planted Conifer Forests","Bat Shlomo","Platyceps collaris","זעמן זיתני",1,1
"Planted Conifer Forests","Eitanim","Ablepharus rueppellii","חומט גמד",2,2
"Planted Conifer Forests","Eitanim","Chamaeleo chamaeleon","זיקית",2,2
"Planted Conifer Forests","Eitanim","Laudakia vulgaris","חרדון מצוי",1,1
"Planted Conifer Forests","Eitanim","Phoenicolacerta laevis","לטאה זריזה",1,1
"Planted Conifer Forests","Eitanim","Testudo graeca","צב-יבשה מצוי",1,1
"Planted Conifer Forests","Elyakim","Ablepharus rueppellii","חומט גמד",45,13
"Planted Conifer Forests","Elyakim","Hemidactylus turcicus","שממית בתים",1,1
"Planted Conifer Forests","Elyakim","Hemorrhois nummifer","זעמן מטבעות",1,1
"Planted Conifer Forests","Elyakim","Heremites vittatus","חומט פסים",1,1
"Planted Conifer Forests","Elyakim","Laudakia vulgaris","חרדון מצוי",4,3
"Planted Conifer Forests","Elyakim","Mediodactylus orientalis","שממית עצים",7,6
"Planted Conifer Forests","Elyakim","Phoenicolacerta laevis","לטאה זריזה",1,1
"Planted Conifer Forests","Elyakim","Psammophis schokari","ארבע-קו מובהק",1,1
"Planted Conifer Forests","Elyakim","Rhynchocalamus melanocephalus","שחור ראש",1,1
"Planted Conifer Forests","Eshtaol","Ablepharus rueppellii","חומט גמד",7,6
"Planted Conifer Forests","Eshtaol","Chalcides guentheri","נחושית נחשונית",3,3
"Planted Conifer Forests","Eshtaol","Chalcides ocellatus","נחושית עינונית",1,1
"Planted Conifer Forests","Eshtaol","Hemidactylus turcicus","שממית בתים",5,4
"Planted Conifer Forests","Eshtaol","Heremites vittatus","חומט פסים",1,1
"Planted Conifer Forests","Eshtaol","Mediodactylus orientalis","שממית עצים",6,6
"Planted Conifer Forests","Givat Yeshayahu","Ablepharus rueppellii","חומט גמד",4,4
"Planted Conifer Forests","Givat Yeshayahu","Chamaeleo chamaeleon","זיקית",1,1
"Planted Conifer Forests","Givat Yeshayahu","Dolichophis jugularis","זעמן שחור",1,1
"Planted Conifer Forests","Givat Yeshayahu","Hemidactylus turcicus","שממית בתים",4,4
"Planted Conifer Forests","Givat Yeshayahu","Malpolon insignitus","תלום-קשקשים מצוי",1,1
"Planted Conifer Forests","Givat Yeshayahu","Mediodactylus orientalis","שממית עצים",7,7
"Planted Conifer Forests","Givat Yeshayahu","Phoenicolacerta laevis","לטאה זריזה",1,1
"Planted Conifer Forests","Givat Yeshayahu","Platyceps collaris","זעמן זיתני",1,1
"Planted Conifer Forests","Givat Yeshayahu","Rhynchocalamus melanocephalus","שחור ראש",2,1
"Planted Conifer Forests","Givat Yeshayahu","Testudo graeca","צב-יבשה מצוי",1,1
"Planted Conifer Forests","Kabri","Ablepharus rueppellii","חומט גמד",11,6
"Planted Conifer Forests","Kabri","Chalcides ocellatus","נחושית עינונית",1,1
"Planted Conifer Forests","Kabri","Eirenis rothii","שלוון טלוא-ראש",2,1
"Planted Conifer Forests","Kabri","Hemidactylus turcicus","שממית בתים",1,1
"Planted Conifer Forests","Kabri","Hemorrhois nummifer","זעמן מטבעות",1,1
"Planted Conifer Forests","Kabri","Heremites vittatus","חומט פסים",1,1
"Planted Conifer Forests","Kabri","Laudakia vulgaris","חרדון מצוי",1,1
"Planted Conifer Forests","Kabri","Mediodactylus orientalis","שממית עצים",2,2
"Planted Conifer Forests","Kabri","Phoenicolacerta laevis","לטאה זריזה",1,1
"Planted Conifer Forests","Kabri","Psammophis schokari","ארבע-קו מובהק",1,1
"Planted Conifer Forests","Kabri","Pseudopus apodus","קמטן החורש",1,1
"Planted Conifer Forests","Kabri","Ptyodactylus puiseuxi","מניפנית גלילית",1,1
"Planted Conifer Forests","Kabri","Testudo graeca","צב-יבשה מצוי",1,1
"Planted Conifer Forests","Kerem Maharal","Ablepharus rueppellii","חומט גמד",31,5
"Planted Conifer Forests","Kerem Maharal","Hemidactylus turcicus","שממית בתים",4,4
"Planted Conifer Forests","Kerem Maharal","Heremites vittatus","חומט פסים",1,1
"Planted Conifer Forests","Kerem Maharal","Laudakia vulgaris","חרדון מצוי",2,2
"Planted Conifer Forests","Kerem Maharal","Mediodactylus orientalis","שממית עצים",9,6
"Planted Conifer Forests","Kerem Maharal","Ophisops elegans","עינחש",1,1
"Planted Conifer Forests","Kerem Maharal","Phoenicolacerta laevis","לטאה זריזה",1,1
"Planted Conifer Forests","Kerem Maharal","Platyceps collaris","זעמן זיתני",1,1
"Planted Conifer Forests","Kerem Maharal","Ptyodactylus guttatus","מניפנית מצויה",1,1
"Planted Conifer Forests","Kerem Maharal","Telescopus fallax","עין-חתול חברבר",1,1
"Planted Conifer Forests","Manara","Ablepharus rueppellii","חומט גמד",5,3
"Planted Conifer Forests","Manara","Eumeces schneiderii","חומט מנומר",2,2
"Planted Conifer Forests","Manara","Hemidactylus turcicus","שממית בתים",2,2
"Planted Conifer Forests","Manara","Laudakia vulgaris","חרדון מצוי",1,1
"Planted Conifer Forests","Manara","Mediodactylus orientalis","שממית עצים",2,2
"Planted Conifer Forests","Manara","Ophisops elegans","עינחש",5,5
"Planted Conifer Forests","Meron","Ablepharus rueppellii","חומט גמד",2,2
"Planted Conifer Forests","Meron","Chamaeleo chamaeleon","זיקית",1,1
"Planted Conifer Forests","Meron","Hemidactylus turcicus","שממית בתים",1,1
"Planted Conifer Forests","Meron","Laudakia vulgaris","חרדון מצוי",1,1
"Planted Conifer Forests","Meron","Mediodactylus orientalis","שממית עצים",2,2
"Planted Conifer Forests","Meron","Phoenicolacerta laevis","לטאה זריזה",2,2
"Planted Conifer Forests","Meron","Ptyodactylus puiseuxi","מניפנית גלילית",1,1
"Planted Conifer Forests","Ofer","Ablepharus rueppellii","חומט גמד",6,6
"Planted Conifer Forests","Ofer","Chalcides ocellatus","נחושית עינונית",2,2
"Planted Conifer Forests","Ofer","Hemidactylus turcicus","שממית בתים",4,4
"Planted Conifer Forests","Ofer","Heremites vittatus","חומט פסים",1,1
"Planted Conifer Forests","Ofer","Mediodactylus orientalis","שממית עצים",10,8
"Planted Conifer Forests","Ofer","Phoenicolacerta laevis","לטאה זריזה",1,1
"Planted Conifer Forests","Ramat Hashofet","Ablepharus rueppellii","חומט גמד",11,6
"Planted Conifer Forests","Ramat Hashofet","Chalcides guentheri","נחושית נחשונית",2,1
"Planted Conifer Forests","Ramat Hashofet","Chalcides ocellatus","נחושית עינונית",1,1
"Planted Conifer Forests","Ramat Hashofet","Hemidactylus turcicus","שממית בתים",2,2
"Planted Conifer Forests","Ramat Hashofet","Laudakia vulgaris","חרדון מצוי",1,1
"Planted Conifer Forests","Ramat Hashofet","Mediodactylus orientalis","שממית עצים",4,4
"Planted Conifer Forests","Ramat Hashofet","Platyceps collaris","זעמן זיתני",4,3
"Planted Conifer Forests","Ramot Naftali","Ablepharus rueppellii","חומט גמד",14,7
"Planted Conifer Forests","Ramot Naftali","Chalcides guentheri","נחושית נחשונית",1,1
"Planted Conifer Forests","Ramot Naftali","Chalcides ocellatus","נחושית עינונית",1,1
"Planted Conifer Forests","Ramot Naftali","Chamaeleo chamaeleon","זיקית",1,1
"Planted Conifer Forests","Ramot Naftali","Hemidactylus turcicus","שממית בתים",1,1
"Planted Conifer Forests","Ramot Naftali","Heremites vittatus","חומט פסים",5,4
"Planted Conifer Forests","Ramot Naftali","Laudakia vulgaris","חרדון מצוי",1,1
"Planted Conifer Forests","Ramot Naftali","Mediodactylus orientalis","שממית עצים",2,2
"Planted Conifer Forests","Ramot Naftali","Phoenicolacerta laevis","לטאה זריזה",2,2
"Planted Conifer Forests","Ramot Naftali","Ptyodactylus puiseuxi","מניפנית גלילית",2,1
"Planted Conifer Forests","Ramot Naftali","Testudo graeca","צב-יבשה מצוי",1,1
"Planted Conifer Forests","Zuriel","Ablepharus rueppellii","חומט גמד",18,7
"Planted Conifer Forests","Zuriel","Hemidactylus turcicus","שממית בתים",1,1
"Planted Conifer Forests","Zuriel","Mediodactylus orientalis","שממית עצים",1,1
"Planted Conifer Forests","Zuriel","Phoenicolacerta laevis","לטאה זריזה",5,3
